Sample_name,ACGGAGGGTGCAAGCGTTAATCGGAATTACTGGGCGTAAAGCGCACGCAGGCGGTTGGATAAGTTAGATGTGAAAGCCCCGGGCTCAACCTGGGAATTGCATTTAAAACTGTCCAGCTAGAGTCTTGTAGAGGGGGGTAGAATTCCAGGTGTAGCGGTGAAATGCGTAGAGATCTGGAGGAATACCGGTGGCGAAGGCGGCCCCCTGGACAAAGACTGACGCTCAGGTGCGAAAGCGTGGGGAGCAAACAGGATTAGATACCCTGGTAGTCCACGCCGTAAACGATGTCGATTTGGAGGCTGTGTCCTTGAGACGTGGCTTCCGGAGCTAACGCGTTAAATCGACCGCCTGGGGAGTACGGCCGCAAGGTTAAA,ACGGAGGGTGCAAGCGTTAATCGGAATTACTGGGCGTAAAGCGCACGCAGGCGGTTGGATAAGTTAGATGTGAAAGCCCCGGGCTCAACCTGGGAATTGCATTTAAAACTGTCCAGCTAGAGTCTTGTAGAGGGGGGTAGAATTCCAGGTGTAGCGGTGAAATGCGTAGAGATCTGGAGGAATACCGGTGGCGAAGGCGGCCCCCTGGACAAAGACTGACGCTCAGGTGCGAAAGCGTGGGGAGCAAACAGGATTAGATACCCTGGTAGTCCACGCCGTAAACGATGTCGATTTGGAGGCTGTGTCCTTGAGATGTGGCTTCCGGAGCTAACGCGTTAAATCGACCGCCTGGGGAGTACGGCCGCAAGGTTAAA,ACGGAGGGTGCAAGCGTTAATCGGAATTACTGGGCGTAAAGCGCACGCAGGCGGTTATATAAGTCAGATGTGAAAGCCCCGGGCTCAACCTGGGAACTGCATTTGAAACTGTGTAACTAGAGTCTTGTAGAGGGGGGTAGAATTCCAGGTGTAGCGGTGAAATGCGTAGAGATCTGGAGGAATACCGGTGGCGAAGGCGGCCCCCTGGACAAAGACTGACGCTCAGGTGCGAAAGCGTGGGGAGCAAACAGGATTAGATACCCTGGTAGTCCACGCCGTAAACGATGTCAACTTGAAGTCTGTGCCATAGAGCGTGGGCTTCGAAGCTAACGCGATAAGTTGACCGCCTGGGGAGTACGGCCGCAAGGTTAAA,ACGGAGGGTGCAAGCGTTAATCGGAATTACTGGGCGTAAAGCGCACGCAGGCGGTCAGATAAGTCAGATGTGAAAGCCCCGGGCTCAACCTGGGAACTGCATTTGAAACTGTCTGACTAGAGTCTTGTAGAGGGGGGTAGAATTCCAGGTGTAGCGGTGAAATGCGTAGAGATCTGGAGGAATACCGGTGGCGAAGGCGGCCCCCTGGACAAAGACTGACGCTCAGGTGCGAAAGCGTGGGGAGCAAACAGGATTAGATACCCTGGTAGTCCACGCCGTAAACGATGTCAACTTGAAGTCTGTGCCATAGAGCGTGGGCTTCGAAGCTAACGCGATAAGTTGACCGCCTGGGGAGTACGGCCGCAAGGTTAAA,ACGGAGGGTGCAAGCGTTAATCGGAATTACTGGGCGTAAAGCGCACGCAGGCGGTTGGATAAGTCAGATGTGAAAGCCCCGGGCTCAACCTGGGAACTGCATTTGAAACTGTTCGACTAGAGTCTTGTAGAGGGGGGTAGAATTCCAGGTGTAGCGGTGAAATGCGTAGAGATCTGGAGGAATACCGGTGGCGAAGGCGGCCCCCTGGACAAAGACTGACGCTCAGGTGCGAAAGCGTGGGGAGCAAACAGGATTAGATACCCTGGTAGTCCACGCCGTAAACGATGTCAACTTGAAGTCTGTGCCATAGAGCGTGGGCTTCGAAGCTAACGCGATAAGTTGACCGCCTGGGGAGTACGGCCGCAAGGTTAAA,ACGGAGGGTGCAAGCGTTAATCGGAATTACTGGGCGTAAAGCGCACGCAGGCGGTTGGATAAGTTAGATGTGAAAGCCCCGGGCTCAACCTGGGAATTGCATTTAAAACTGTCCAGCTAGAGTCTTGTAGAGGGGGGTAGAATTCCAGGTGTAGCGGTGAAATGCGTAGAGATCTGGAGGAATACCGGTGGCGAAGGCGGCCCCCTGGACAAAGACTGACGCTCAGGTGCGAAAGCGTGGGGAGCAAACAGGATTAGATACCCTGGTAGTCCACGCTGTAAACGATGTCGATTTGGAGGTTGTGCCCTTGAGGCGTGGCTTCCGGAGCTAACGCGTTAAATCGACCGCCTGGGGAGTACGGCCGCAAGGTTAAA
DW1,0.000335109,0,0,0,0,0
DW2,0,0,0,0,0,5.14E-05
DW3,0.000846205,0,0,0,0,0
DW4,0.000131117,0,0,0,0,0
DW5,0.001633165,0,0.000210905,0,0,0
DW6,0.000660157,0,0.000168877,0,0,0
DW7,0,0,0,0,0,0
DW8,0,0,0,0,0,0
MAR2,0.000149471,0,0,0,0,0
MAR3,9.11E-05,0,0,0,0,0
MAR4,0.0001202,0,0,0,0,0
MAR5,0.000142933,0,0,0,0,0
MAR6,0.000353645,0,0,0,7.69E-05,0
MAR7,0.002606789,0,0,0,0.0001949,0
MAR8,0,0,0,0,0,0
BF0001A,0,0,0,0,0,0
BF0014A,0.000880759,0,0,0,0,0
BF0016A,0.000267765,0,0,0,0,0
BF0018A,6.31E-05,0,0,0,0,0
BF0020A,0.000860262,0,0,0,0,0
BF0023A,0,0,0,0,0,0
BF0027A,0,0,0,0,0,0
BF0032A,0,0,0,0,0,0
BF0084,0,0,0,0,0,0
BF0085,0,0,0,0,0,0
BF0086,0,0,0,0,0,0
BF0097,0,0,0,0,0,0
BF0098,0,0,0,0,0,0
BF0099,0,0,0,0,0,0
RA0036A,0.000653744,0,0,0.000684151,0,0
RA0037A,0.00134508,0,0,0,0,0
RA0047A,0,0,0,0,0,0
RA0049A,0,0,0,0,0,0
RA0076A,0,0,0,0,0,0
RA0110A,0.025288542,0.001766358,0,0,0,0
RA0166A,0,0,0,0,0,0
RAS1and2,0.000686905,0,0,0,0,0
RASS5and3,0,0,0,0,0,0