"Sample_name","ACGGAGGGTGCAAGCGTTAATCGGAATTACTGGGCGTAAAGCGCACGCAGGCGGTTGGATAAGTTAGATGTGAAAGCCCCGGGCTCAACCTGGGAATTGCATTTAAAACTGTCCAGCTAGAGTCTTGTAGAGGGGGGTAGAATTCCAGGTGTAGCGGTGAAATGCGTAGAGATCTGGAGGAATACCGGTGGCGAAGGCGGCCCCCTGGACAAAGACTGACGCTCAGGTGCGAAAGCGTGGGGAGCAAACAGGATTAGATACCCTGGTAGTCCACGCCGTAAACGATGTCGATTTGGAGGCTGTGTCCTTGAGACGTGGCTTCCGGAGCTAACGCGTTAAATCGACCGCCTGGGGAGTACGGCCGCAAGGTTAAA","ACGGAGGGTGCAAGCGTTAATCGGAATTACTGGGCGTAAAGCGCACGCAGGCGGTTGGATAAGTTAGATGTGAAAGCCCCGGGCTCAACCTGGGAATTGCATTTAAAACTGTCCAGCTAGAGTCTTGTAGAGGGGGGTAGAATTCCAGGTGTAGCGGTGAAATGCGTAGAGATCTGGAGGAATACCGGTGGCGAAGGCGGCCCCCTGGACAAAGACTGACGCTCAGGTGCGAAAGCGTGGGGAGCAAACAGGATTAGATACCCTGGTAGTCCACGCCGTAAACGATGTCGATTTGGAGGCTGTGTCCTTGAGATGTGGCTTCCGGAGCTAACGCGTTAAATCGACCGCCTGGGGAGTACGGCCGCAAGGTTAAA","ACGGAGGGTGCAAGCGTTAATCGGAATTACTGGGCGTAAAGCGCACGCAGGCGGTTATATAAGTCAGATGTGAAAGCCCCGGGCTCAACCTGGGAACTGCATTTGAAACTGTGTAACTAGAGTCTTGTAGAGGGGGGTAGAATTCCAGGTGTAGCGGTGAAATGCGTAGAGATCTGGAGGAATACCGGTGGCGAAGGCGGCCCCCTGGACAAAGACTGACGCTCAGGTGCGAAAGCGTGGGGAGCAAACAGGATTAGATACCCTGGTAGTCCACGCCGTAAACGATGTCAACTTGAAGTCTGTGCCATAGAGCGTGGGCTTCGAAGCTAACGCGATAAGTTGACCGCCTGGGGAGTACGGCCGCAAGGTTAAA","ACGGAGGGTGCAAGCGTTAATCGGAATTACTGGGCGTAAAGCGCACGCAGGCGGTCAGATAAGTCAGATGTGAAAGCCCCGGGCTCAACCTGGGAACTGCATTTGAAACTGTCTGACTAGAGTCTTGTAGAGGGGGGTAGAATTCCAGGTGTAGCGGTGAAATGCGTAGAGATCTGGAGGAATACCGGTGGCGAAGGCGGCCCCCTGGACAAAGACTGACGCTCAGGTGCGAAAGCGTGGGGAGCAAACAGGATTAGATACCCTGGTAGTCCACGCCGTAAACGATGTCAACTTGAAGTCTGTGCCATAGAGCGTGGGCTTCGAAGCTAACGCGATAAGTTGACCGCCTGGGGAGTACGGCCGCAAGGTTAAA","ACGGAGGGTGCAAGCGTTAATCGGAATTACTGGGCGTAAAGCGCACGCAGGCGGTTGGATAAGTCAGATGTGAAAGCCCCGGGCTCAACCTGGGAACTGCATTTGAAACTGTTCGACTAGAGTCTTGTAGAGGGGGGTAGAATTCCAGGTGTAGCGGTGAAATGCGTAGAGATCTGGAGGAATACCGGTGGCGAAGGCGGCCCCCTGGACAAAGACTGACGCTCAGGTGCGAAAGCGTGGGGAGCAAACAGGATTAGATACCCTGGTAGTCCACGCCGTAAACGATGTCAACTTGAAGTCTGTGCCATAGAGCGTGGGCTTCGAAGCTAACGCGATAAGTTGACCGCCTGGGGAGTACGGCCGCAAGGTTAAA","ACGGAGGGTGCAAGCGTTAATCGGAATTACTGGGCGTAAAGCGCACGCAGGCGGTTGGATAAGTTAGATGTGAAAGCCCCGGGCTCAACCTGGGAATTGCATTTAAAACTGTCCAGCTAGAGTCTTGTAGAGGGGGGTAGAATTCCAGGTGTAGCGGTGAAATGCGTAGAGATCTGGAGGAATACCGGTGGCGAAGGCGGCCCCCTGGACAAAGACTGACGCTCAGGTGCGAAAGCGTGGGGAGCAAACAGGATTAGATACCCTGGTAGTCCACGCTGTAAACGATGTCGATTTGGAGGTTGTGCCCTTGAGGCGTGGCTTCCGGAGCTAACGCGTTAAATCGACCGCCTGGGGAGTACGGCCGCAAGGTTAAA"
"DW1",0.000338578,0,0,0,0,0
"DW2",0,0,0,0,0,5.14e-05
"DW3",0.0008477,0,0,0,0,0
"DW4",0.000131182,0,0,0,0,0
"DW5",0.001670095,0,0.000215675,0,0,0
"DW6",0.000667619,0,0.000170786,0,0,0
"DW7",0,0,0,0,0,0
"DW8",0,0,0,0,0,0
"MAR2",0.00015105,0,0,0,0,0
"MAR3",9.24e-05,0,0,0,0,0
"MAR4",0.000121492,0,0,0,0,0
"MAR5",0.000144684,0,0,0,0,0
"MAR6",0.000358943,0,0,0,7.8e-05,0
"MAR7",0.002615902,0,0,0,0.000195581,0
"MAR8",0,0,0,0,0,0
"BF0001A",0,0,0,0,0,0
"BF0014A",0.000880922,0,0,0,0,0
"BF0016A",0.000267949,0,0,0,0,0
"BF0018A",6.33e-05,0,0,0,0,0
"BF0020A",0.000861826,0,0,0,0,0
"BF0023A",0,0,0,0,0,0
"BF0027A",0,0,0,0,0,0
"BF0032A",0,0,0,0,0,0
"BF0084",0,0,0,0,0,0
"BF0085",0,0,0,0,0,0
"BF0086",0,0,0,0,0,0
"BF0097",0,0,0,0,0,0
"BF0098",0,0,0,0,0,0
"BF0099",0,0,0,0,0,0
"RA0036A",0.000660461,0,0,0.000691181,0,0
"RA0037A",0.001347043,0,0,0,0,0
"RA0047A",0,0,0,0,0,0
"RA0049A",0,0,0,0,0,0
"RA0076A",0,0,0,0,0,0
"RA0110A",0.025342202,0.001770106,0,0,0,0
"RA0166A",0,0,0,0,0,0
"RAS1and2",0.000687516,0,0,0,0,0
"RASS5and3",0,0,0,0,0,0
