"Sample_name","ACGGAGGGTGCAAGCGTTAATCGGAATTACTGGGCGTAAAGCGCACGCAGGCGGTTGGATAAGTTAGATGTGAAAGCCCCGGGCTCAACCTGGGAATTGCATTTAAAACTGTCCAGCTAGAGTCTTGTAGAGGGGGGTAGAATTCCAGGTGTAGCGGTGAAATGCGTAGAGATCTGGAGGAATACCGGTGGCGAAGGCGGCCCCCTGGACAAAGACTGACGCTCAGGTGCGAAAGCGTGGGGAGCAAACAGGATTAGATACCCTGGTAGTCCACGCCGTAAACGATGTCGATTTGGAGGCTGTGTCCTTGAGACGTGGCTTCCGGAGCTAACGCGTTAAATCGACCGCCTGGGGAGTACGGCCGCAAGGTTAAA","ACGGAGGGTGCAAGCGTTAATCGGAATTACTGGGCGTAAAGCGCACGCAGGCGGTTGGATAAGTTAGATGTGAAAGCCCCGGGCTCAACCTGGGAATTGCATTTAAAACTGTTCAGCTAGAGTCTTGTAGAGGGGGGTAGAATTCCAGGTGTAGCGGTGAAATGCGTAGAGATCTGGAGGAATACCGGTGGCGAAGGCGGCCCCCTGGACAAAGACTGACGCTCAGGTGCGAAAGCGTGGGGAGCAAACAGGATTAGATACCCTGGTAGTCCACGCCGTAAACGATGTCGATTTGGAGGCTGTGTCCTTGAGACGTGGCTTCCGGAGCTAACGCGTTAAATCGACCGCCTGGGGAGTACGGCCGCAAGGTTAAA","ACGGAGGGTGCAAGCGTTAATCGGAATTACTGGGCGTAAAGCGCACGCAGGCGGTCAGATAAGTCAGATGTGAAAGCCCCGGGCTCAACCTGGGAACTGCATTTGAAACTGTCTGACTAGAGTCTTGTAGAGGGGGGTAGAATTCCAGGTGTAGCGGTGAAATGCGTAGAGATCTGGAGGAATACCGGTGGCGAAGGCGGCCCCCTGGACAAAGACTGACGCTCAGGTGCGAAAGCGTGGGGAGCAAACAGGATTAGATACCCTGGTAGTCCACGCCGTAAACGATGTCAACTTGAAGTCTGTGCCATAGAGCGTGGGCTTCGAAGCTAACGCGATAAGTTGACCGCCTGGGGAGTACGGCCGCAAGGTTAAA","ACGGAGGGTGCAAGCGTTAATCGGAATTACTGGGCGTAAAGCGCACGCAGGCGGTCAGATAAGTCAGATGTGAAAGCCCCGGGCTCAACCTGGGAACTGCATTTGAAACTGTCTGACTAGAGTCTTGTAGAGGGGGGTAGAATTCCAGGTGTAGCGGTGAAATGCGTAGAGATCTGGAGGAATACCGGTGGCGAAGGCGGCCCCCTGGACAAAGACTGACGCTCAGGTGCGAAAGCGTGGGGAGCAAACAGGATTAGATACCCTGGTAGTCCACGCCGTAAACGATGTCGATTTGGAGGCTGTGTCCTTGAGACGTGGCTTCCGGAGCTAACGCGTTAAATCGACCGCCTGGGGAGTACGGCCGCAAGGTTAAA","ACGGAGGGTGCAAGCGTTAATCGGAATTACTGGGCGTAAAGCGCACGCAGGCGGTTGGATAAGTTAGATGTGAAAGCCCCGGGCTCAACCTGGGAATTGCATTTAAAACTGTCCGGCTAGAGTCTTGTAGAGGGGGGTAGAATTCCAGGTGTAGCGGTGAAATGCGTAGAGATCTGGAGGAATACCGGTGGCGAAGGCGGCCCCCTGGACAAAGACTGACGCTCAGGTGCGAAAGCGTGGGGAGCAAACAGGATTAGATACCCTGGTAGTCCACGCCGTAAACGATGTCGATTTGGAGGCTGTGTCCTTGAGACGTGGCTTCCGGAGCTAACGCGTTAAATCGACCGCCTGGGGAGTACGGCCGCAAGGTTAAA","ACGGAGGGTGCAAGCGTTAATCGGAATTACTGGGCGTAAAGCGCACGCAGGCGGTTGGATAAGTTAGATGTGAAAGCCCCGGGCTCAACCTGGGAATTGCATTTAAAACTGTCCAGCTAGAGTCTTGTAGAGGGGGGTAGAATTCCAGGTGTAGCGGTGAAATGCGTAGAGATCTGGAGGAATACCGGTGGCGAAGGCGGCCCCCTGGACAAAGACTGACGCTCAGGTGCGAAAGCGTGGGGAGCAAACAGGATTAGATACCCTGGTAGTCCACGCCGTAAACGATGTCAACTTGAAGTCTGTGCCATAGAGCGTGGGCTTCGAAGCTAACGCGATAAGTTGACCGCCTGGGGAGTACGGCCGCAAGGTTAAA","ACGGAGGGTGCAAGCGTTAATCGGAATTACTGGGCGTAAAGCGCACGCAGGCGGTTGGATAAGTTAGATGTGAAAGCCCCGGGCTCAACCTGGGAATTGCATTTAAAACTGTCCAGCTAGAGTCTTGTAGAGGGGGGTAGAATTCCAGGTGTAGCGGTGAAATGCGTAGAGATCTGGAGGAATACCGGTGGCGAAGGCGGCCCCCTGGACAAAGACTGACGCTCAGGTGCGGAAGCGTGGGGAGCAAACAGGATTAGATACCCTGGTAGTCCACGCCGTAAACGATGTCGATTTGGAGGCTGTGTCCTTGAGACGTGGCTTCCGGAGCTAACGCGTTAAATCGACCGCCTGGGGAGTACGGCCGCAAGGTTAAA"
"MI_GHAV_Back1_06_11_13",0,0,0,0,0,0,0
"MI_GHAV_Berm1_06_11_13",0,0,0,0,0,0,0
"MI_GHAV1_06_11_13",0,0.000518550527810359,0,0,0,0,0
"MI_NB_Back1_06_11_13",0,0,0,0,0,0,0
"MI_NB_Berm1_06_11_13",0,0,0,0.000188980098033426,0,0,0
"MI_NB1_06_11_13",0,0,0,0,0,0,0
"MI_PJHOFF_Back1_06_11_13",0,0,0,0,0,0,0
"MI_PJHOFF_Berm1_06_11_13",0,0,0,0,0,0,0
"MI_PJHOFF1_06_11_13",0,0,0,0,0,0,0
"MI_PMARQ_Back1_06_11_13",0,0,0,0,0,0,0
"MI_PMARQ_Berm1_06_11_13",0,0,0,0,0,0,0
"MI_PMARQ1_06_11_13",0,0.000956632653061224,0,0,0,0,0
"WI_ATW_Back1_06_11_13",0,0,0,0,0,0,0
"WI_ATW_Berm1_06_11_13",0,0.000664904142986053,0,0,0,0,0
"WI_ATW1_06_11_13",0,0,0,0,0,0,0
"WI_BB_Back1_06_11_13",0,0,0,0,0,0,0
"WI_BB_Berm1_06_11_13",0.00019113364739215,0,0,0,0,0,0
"WI_BB1_06_11_13",0,0,0,0,0,0,0
"WI_KASP_Back1_06_10_13",0,0,0,0,0,0,0
"WI_KASP_Berm1_06_10_13",0,0,0,0,0,0,0
"WI_KASP1_06_10_13",0,0.00113520263367011,0,0,0,0,0
"WI_LTHS_Back1_06_10_13",0,0,0,0,0,0,0
"WI_LTHS_Berm1_06_10_13",0,0.000549678606284285,0,0,0,0,0
"WI_LTHS1_06_10_13",0,0.00289333912001157,0,0,0,0,0
"Back_end_1g_COMP_20131216",0,0,0,0,0,0,0
"Back_end_1g_COMP_20140219",0,0,0,0,0,0,0
"Back_end_eluent_COMP_20131216",0,0,0,0,0,0,0
"Back_end_eluent_COMP_20140219",0,0,0,0,0,0,0
"Back_end_strippedsand_1g_COMP_20131216",0,0,0,0,0,0,0
"Back_end_strippedsand_1g_COMP_20140219",0,0,0,0,0,0,0
"Back_start_1g_COMP_20131216",0,0,0,0,0,0,0
"Back_start_1g_COMP_20140219",0,0,0,0,0,0,0
"Berm_end_1g_COMP_20131216",0,0,0,0,0,0,0
"Berm_end_1g_COMP_20140219",0,0,0,0,0,0,0
"Berm_end_eluent_COMP_20131216",0,0,0,0,0,0,0
"Berm_end_eluent_COMP_20140219",0,0,0.000215038348505483,0,0,0,0
"Berm_end_strippedsand_1g_COMP_20131216",0,0,0,0,0,0,0
"Berm_end_strippedsand_1g_COMP_20140219",0,0,0,0,0,0,0
"Berm_start_1g_COMP_20131216",0,0,0,0,0,0,0
"Berm_start_1g_COMP_20140219",0,0,0,0,0,0,0
"MI_GHAV_Back1_08_07_13",0,0,0,0,0,0,0
"MI_GHAV_Back1_09_23_13",0,0,0,0,0,0,0
"MI_GHAV_Berm1_08_07_13",0,0,0,0,0,0,0
"MI_GHAV_Berm1_09_23_13",0,0.000147547603516292,0,0,0,0,0
"MI_GHAV_SUB1_08_07_13",0,0,0,0,0,0,0
"MI_GHAV_SUB1_09_23_13",6.07897456383358e-05,0,0,0,0,0,0
"MI_GHAV1_08_07_13",0,0,0,0,0,0,0
"MI_GHAV1_08_07_13_RE1",0.000239533552224157,0,0,0,0,0,0
"MI_GHAV1_08_07_13_RE2",0,0,0,0,0,0,0
"MI_GHAV1_09_23_13_20131216",0,0,0,0,0,0,0
"MI_GHAV1_09_23_13_20140219",0,0.000929692039511912,0,0,0,0,0
"MI_NB_Back1_08_07_13",0,0,0,0,0,0,0
"MI_NB_Back1_09_23_13_20131216",0,0,0,0,0,0,0
"MI_NB_Back1_09_23_13_20140219",0,0,0,0,0,0,0
"MI_NB_Back1_09_23_13_RE1",0,0,0,0,0,0,4.80412514212204e-05
"MI_NB_Back1_09_23_13_RE2",0,0,0,0,0,0,0
"MI_NB_Berm1_08_07_13",0,0,0,0,0,0,0
"MI_NB_Berm1_09_23_13",0,0.000146142363539568,0,0,0,0,0
"MI_NB_SUB1_08_07_13",0,0,0,0,0,0,0
"MI_NB_SUB1_09_23_13_20131216",0,0,0,0,0,0,0
"MI_NB_SUB1_09_23_13_20140219",0,0,0,0,0,0,0
"MI_NB1_08_07_13",0,0,0,0,0,0,0
"MI_NB1_08_07_13_RE1",0,0.000215679436112998,0,0,0,0,0
"MI_NB1_08_07_13_RE2",0,0,0,0,0,0,0
"MI_NB1_09_23_13_20131216",0,0,0,0,0,0,0
"MI_NB1_09_23_13_20140219",0.00188038406844598,0.00379602533817532,0,0,0,0,0
"MI_PJHOFF_Back1_08_07_13",0,0,0,0,0,0,0
"MI_PJHOFF_Back1_09_23_13",0,0,0,0,0,0,0
"MI_PJHOFF_Berm1_08_07_13",0,0,0,0,0,0,0
"MI_PJHOFF_Berm1_09_23_13",0.000335089200745238,0,0,0,0,0,0
"MI_PJHOFF_SUB1_08_07_13",0,0,0,0,0,0,0
"MI_PJHOFF_SUB1_08_07_13_RE1",0,0,0,0,0,0,0
"MI_PJHOFF_SUB1_09_23_13",0,0,0,0,0,0,0
"MI_PJHOFF1_08_07_13",0,0,0,0,0,0,0
"MI_PJHOFF1_09_23_13_20131216",0,0,0,0,0,0,0
"MI_PJHOFF1_09_23_13_20140219",0,0.000847342072968814,0,0,0,0,0
"MI_PMARQ_Back1_08_07_13",0,0,0,0,0,0,0
"MI_PMARQ_Back1_09_23_13",4.74527933679976e-05,0,0,0,0,0,0
"MI_PMARQ_Back1_09_23_13_RE1",0,0,0,0,0,0,0
"MI_PMARQ_Berm1_08_07_13",0,0,0,0,0,0,0
"MI_PMARQ_Berm1_09_23_13",3.98362937989567e-05,0,0,0,0,0,0
"MI_PMARQ_SUB1_08_07_1_RE1",0,0,0,0,0,0,0
"MI_PMARQ_SUB1_08_07_1_RE2",0,0,0,0,0,0,0
"MI_PMARQ_SUB1_08_07_13",0,0,0,0,0,0,0
"MI_PMARQ_SUB1_09_23_13",8.46675528537199e-05,0,0,0,0,0,0
"MI_PMARQ1_08_07_13",0,0.000303682480161612,0,0,0,0,0
"MI_PMARQ1_09_23_13_20131216",0,0,0,0,0,0,0
"MI_PMARQ1_09_23_13_20140219",0,0.000855287273137401,0,0,0,0,0
"WI_ATW_Back1_07_30_13",0.000155857386689779,0,0,0,0,0,0
"WI_ATW_Back1_09_18_13",5.88183395582743e-05,0,0,0,0,0,0
"WI_ATW_Back1_09_18_13_RE1",0,0,0,0,0,0,0
"WI_ATW_Back1_09_18_13_RE2",0,0,0,0,0,0,0
"WI_ATW_Berm1_07_30_13",0.000309929455010676,0,0,0,0,0,0
"WI_ATW_Berm1_09_18_13",0.000241383125308015,0,0,0,0,0,0
"WI_ATW_Berm1_09_18_13_RE1",0.000473487455335268,0,0,0,0,0,0
"WI_ATW_Berm1_09_18_13_RE2",0,0,0,0,0.000147366869822423,0,0
"WI_ATW_SUB1_07_30_13",0,0,0,0,0,0,0
"WI_ATW_SUB1_09_18_13",0.000101255569056298,0,0,0,0,0,0
"WI_ATW1_07_30_13",0.00174166012746655,0.000928247430572834,0,0,0,0,0
"WI_ATW1_09_18_13_20131216",0,0,0,0,0,0,0
"WI_ATW1_09_18_13_20140219",0.00169510925551456,0.00171691130381699,0,0,0,0,0
"WI_BB_Back1_08_13_13",0,0,0,0,0,0,0
"WI_BB_Back1_09_18_13",0,0,0,0,0,0,0
"WI_BB_Back1_09_18_13_RE1",3.56455407428531e-05,0,0,0,0,0,0
"WI_BB_Berm1_08_13_13",4.39804023327205e-05,0,0,0,0,0,0
"WI_BB_Berm1_09_18_13",0.00148976056910279,0,0,0,0,1.96021127513525e-05,0
"WI_BB_SUB1_08_13_13",0,0,0,0,0,0,0
"WI_BB_SUB1_09_18_13",0.00100373892750496,0.000865724824973024,0,0,0,0,0
"WI_BB1_08_13_13",0.000753642109011067,0.000409459098596564,0,0,0,0,0
"WI_BB1_09_18_13_20131216",0,0,0,0,0,0,0
"WI_BB1_09_18_13_20140219",0.000824016330505459,0,0,0,0,0,0
"WI_KASP_Back1_07_30_13",0,0,0,0,0,0,0
"WI_KASP_Back1_09_18_13",0,0,0,0,0,0,0
"WI_KASP_Back1_09_18_13_RE1",0,0,0,0,0,0,0
"WI_KASP_Berm1_07_30_13",0.000484734065962101,0,0,0,0,0,0
"WI_KASP_Berm1_09_18_13",0,0,0,0,0,0,0
"WI_KASP_SUB1_07_30_13",0,0,0,0,0,0,0
"WI_KASP_SUB1_09_18_13",0,0,0,0,0,0,0
"WI_KASP1_07_30_13",0,0.00239890081324966,0,0,0,0,0
"WI_KASP1_09_18_13_20131216",0,0,0,0,0,0,0
"WI_KASP1_09_18_13_20140219",0,0.000657016298243011,0,0,0,0,0
"WI_LTHS_Back1_07_30_13",6.34801959422048e-05,0,0,0,0,0,0
"WI_LTHS_Back1_09_18_13",6.765899864682e-05,0,0,0,0,0,0
"WI_LTHS_Back1_09_18_13_RE1",0,0,0,0,0,0,0
"WI_LTHS_Berm1_07_30_13",0.00129112655609656,0,0,0,0,0,0
"WI_LTHS_Berm1_09_18_13",0.000149376766933516,0,0,0,0,0,0
"WI_LTHS_SUB1_07_30_13",7.25626215423911e-05,0,0,0,0,0,0
"WI_LTHS_SUB1_09_18_13",4.64179471965578e-05,0,0,0,0,0,0
"WI_LTHS_SUB1_09_18_13_RE1",0,3.58008043247372e-05,0,0,0,0,0
"WI_LTHS1_07_30_13",0.0027079777312044,0.00146922196054707,0,0,0,0,0
"WI_LTHS1_09_18_13_20131216",0,0,0,0,0,0,0
"WI_LTHS1_09_18_13_20140219",0.00105298302385905,0.000410920204432802,0,0,0,0,0
