Sample_name,ACGGAGGGTGCAAGCGTTAATCGGAATTACTGGGCGTAAAGCGCACGCAGGCGGTTGGATAAGTTAGATGTGAAAGCCCCGGGCTCAACCTGGGAATTGCATTTAAAACTGTCCAGCTAGAGTCTTGTAGAGGGGGGTAGAATTCCAGGTGTAGCGGTGAAATGCGTAGAGATCTGGAGGAATACCGGTGGCGAAGGCGGCCCCCTGGACAAAGACTGACGCTCAGGTGCGAAAGCGTGGGGAGCAAACAGGATTAGATACCCTGGTAGTCCACGCCGTAAACGATGTCGATTTGGAGGCTGTGTCCTTGAGACGTGGCTTCCGGAGCTAACGCGTTAAATCGACCGCCTGGGGAGTACGGCCGCAAGGTTAAA,ACGGAGGGTGCAAGCGTTAATCGGAATTACTGGGCGTAAAGCGCACGCAGGCGGTTGGATAAGTTAGATGTGAAAGCCCCGGGCTCAACCTGGGAATTGCATTTAAAACTGTTCAGCTAGAGTCTTGTAGAGGGGGGTAGAATTCCAGGTGTAGCGGTGAAATGCGTAGAGATCTGGAGGAATACCGGTGGCGAAGGCGGCCCCCTGGACAAAGACTGACGCTCAGGTGCGAAAGCGTGGGGAGCAAACAGGATTAGATACCCTGGTAGTCCACGCCGTAAACGATGTCGATTTGGAGGCTGTGTCCTTGAGACGTGGCTTCCGGAGCTAACGCGTTAAATCGACCGCCTGGGGAGTACGGCCGCAAGGTTAAA,ACGGAGGGTGCAAGCGTTAATCGGAATTACTGGGCGTAAAGCGCACGCAGGCGGTCAGATAAGTCAGATGTGAAAGCCCCGGGCTCAACCTGGGAACTGCATTTGAAACTGTCTGACTAGAGTCTTGTAGAGGGGGGTAGAATTCCAGGTGTAGCGGTGAAATGCGTAGAGATCTGGAGGAATACCGGTGGCGAAGGCGGCCCCCTGGACAAAGACTGACGCTCAGGTGCGAAAGCGTGGGGAGCAAACAGGATTAGATACCCTGGTAGTCCACGCCGTAAACGATGTCAACTTGAAGTCTGTGCCATAGAGCGTGGGCTTCGAAGCTAACGCGATAAGTTGACCGCCTGGGGAGTACGGCCGCAAGGTTAAA,ACGGAGGGTGCAAGCGTTAATCGGAATTACTGGGCGTAAAGCGCACGCAGGCGGTCAGATAAGTCAGATGTGAAAGCCCCGGGCTCAACCTGGGAACTGCATTTGAAACTGTCTGACTAGAGTCTTGTAGAGGGGGGTAGAATTCCAGGTGTAGCGGTGAAATGCGTAGAGATCTGGAGGAATACCGGTGGCGAAGGCGGCCCCCTGGACAAAGACTGACGCTCAGGTGCGAAAGCGTGGGGAGCAAACAGGATTAGATACCCTGGTAGTCCACGCCGTAAACGATGTCGATTTGGAGGCTGTGTCCTTGAGACGTGGCTTCCGGAGCTAACGCGTTAAATCGACCGCCTGGGGAGTACGGCCGCAAGGTTAAA,ACGGAGGGTGCAAGCGTTAATCGGAATTACTGGGCGTAAAGCGCACGCAGGCGGTTGGATAAGTTAGATGTGAAAGCCCCGGGCTCAACCTGGGAATTGCATTTAAAACTGTCCGGCTAGAGTCTTGTAGAGGGGGGTAGAATTCCAGGTGTAGCGGTGAAATGCGTAGAGATCTGGAGGAATACCGGTGGCGAAGGCGGCCCCCTGGACAAAGACTGACGCTCAGGTGCGAAAGCGTGGGGAGCAAACAGGATTAGATACCCTGGTAGTCCACGCCGTAAACGATGTCGATTTGGAGGCTGTGTCCTTGAGACGTGGCTTCCGGAGCTAACGCGTTAAATCGACCGCCTGGGGAGTACGGCCGCAAGGTTAAA,ACGGAGGGTGCAAGCGTTAATCGGAATTACTGGGCGTAAAGCGCACGCAGGCGGTTGGATAAGTTAGATGTGAAAGCCCCGGGCTCAACCTGGGAATTGCATTTAAAACTGTCCAGCTAGAGTCTTGTAGAGGGGGGTAGAATTCCAGGTGTAGCGGTGAAATGCGTAGAGATCTGGAGGAATACCGGTGGCGAAGGCGGCCCCCTGGACAAAGACTGACGCTCAGGTGCGAAAGCGTGGGGAGCAAACAGGATTAGATACCCTGGTAGTCCACGCCGTAAACGATGTCAACTTGAAGTCTGTGCCATAGAGCGTGGGCTTCGAAGCTAACGCGATAAGTTGACCGCCTGGGGAGTACGGCCGCAAGGTTAAA,ACGGAGGGTGCAAGCGTTAATCGGAATTACTGGGCGTAAAGCGCACGCAGGCGGTTGGATAAGTTAGATGTGAAAGCCCCGGGCTCAACCTGGGAATTGCATTTAAAACTGTCCAGCTAGAGTCTTGTAGAGGGGGGTAGAATTCCAGGTGTAGCGGTGAAATGCGTAGAGATCTGGAGGAATACCGGTGGCGAAGGCGGCCCCCTGGACAAAGACTGACGCTCAGGTGCGGAAGCGTGGGGAGCAAACAGGATTAGATACCCTGGTAGTCCACGCCGTAAACGATGTCGATTTGGAGGCTGTGTCCTTGAGACGTGGCTTCCGGAGCTAACGCGTTAAATCGACCGCCTGGGGAGTACGGCCGCAAGGTTAAA
MI_GHAV_Back1_06_11_13,0,0,0,0,0,0,0
MI_GHAV_Berm1_06_11_13,0,0,0,0,0,0,0
MI_GHAV1_06_11_13,0,0.00045974,0,0,0,0,0
MI_NB_Back1_06_11_13,0,0,0,0,0,0,0
MI_NB_Berm1_06_11_13,0,0,0,0.00018155,0,0,0
MI_NB1_06_11_13,0,0,0,0,0,0,0
MI_PJHOFF_Back1_06_11_13,0,0,0,0,0,0,0
MI_PJHOFF_Berm1_06_11_13,0,0,0,0,0,0,0
MI_PJHOFF1_06_11_13,0,0,0,0,0,0,0
MI_PMARQ_Back1_06_11_13,0,0,0,0,0,0,0
MI_PMARQ_Berm1_06_11_13,0,0,0,0,0,0,0
MI_PMARQ1_06_11_13,0,0.000840315,0,0,0,0,0
WI_ATW_Back1_06_11_13,0,0,0,0,0,0,0
WI_ATW_Berm1_06_11_13,0,0.000656188,0,0,0,0,0
WI_ATW1_06_11_13,0,0,0,0,0,0,0
WI_BB_Back1_06_11_13,0,0,0,0,0,0,0
WI_BB_Berm1_06_11_13,0.000175593,0,0,0,0,0,0
WI_BB1_06_11_13,0,0,0,0,0,0,0
WI_KASP_Back1_06_10_13,0,0,0,0,0,0,0
WI_KASP_Berm1_06_10_13,0,0,0,0,0,0,0
WI_KASP1_06_10_13,0,0.0008364,0,0,0,0,0
WI_LTHS_Back1_06_10_13,0,0,0,0,0,0,0
WI_LTHS_Berm1_06_10_13,0,0.000544039,0,0,0,0,0
WI_LTHS1_06_10_13,0,0.002357776,0,0,0,0,0
Back_end_1g_COMP_20131216,0,0,0,0,0,0,0
Back_end_1g_COMP_20140219,0,0,0,0,0,0,0
Back_end_eluent_COMP_20131216,0,0,0,0,0,0,0
Back_end_eluent_COMP_20140219,0,0,0,0,0,0,0
Back_end_strippedsand_1g_COMP_20131216,0,0,0,0,0,0,0
Back_end_strippedsand_1g_COMP_20140219,0,0,0,0,0,0,0
Back_start_1g_COMP_20131216,0,0,0,0,0,0,0
Back_start_1g_COMP_20140219,0,0,0,0,0,0,0
Berm_end_1g_COMP_20131216,0,0,0,0,0,0,0
Berm_end_1g_COMP_20140219,0,0,0,0,0,0,0
Berm_end_eluent_COMP_20131216,0,0,0,0,0,0,0
Berm_end_eluent_COMP_20140219,0,0,0.00020539,0,0,0,0
Berm_end_strippedsand_1g_COMP_20131216,0,0,0,0,0,0,0
Berm_end_strippedsand_1g_COMP_20140219,0,0,0,0,0,0,0
Berm_start_1g_COMP_20131216,0,0,0,0,0,0,0
Berm_start_1g_COMP_20140219,0,0,0,0,0,0,0
MI_GHAV_Back1_08_07_13,0,0,0,0,0,0,0
MI_GHAV_Back1_09_23_13,0,0,0,0,0,0,0
MI_GHAV_Berm1_08_07_13,0,0,0,0,0,0,0
MI_GHAV_Berm1_09_23_13,0,0.000140462,0,0,0,0,0
MI_GHAV_SUB1_08_07_13,0,0,0,0,0,0,0
MI_GHAV_SUB1_09_23_13,6.00E-05,0,0,0,0,0,0
MI_GHAV1_08_07_13,0,0,0,0,0,0,0
MI_GHAV1_08_07_13_RE1,0.000208741,0,0,0,0,0,0
MI_GHAV1_08_07_13_RE2,0,0,0,0,0,0,0
MI_GHAV1_09_23_13_20131216,0,0,0,0,0,0,0
MI_GHAV1_09_23_13_20140219,0,0.000748407,0,0,0,0,0
MI_NB_Back1_08_07_13,0,0,0,0,0,0,0
MI_NB_Back1_09_23_13_20131216,0,0,0,0,0,0,0
MI_NB_Back1_09_23_13_20140219,0,0,0,0,0,0,0
MI_NB_Back1_09_23_13_RE1,0,0,0,0,0,0,4.78E-05
MI_NB_Back1_09_23_13_RE2,0,0,0,0,0,0,0
MI_NB_Berm1_08_07_13,0,0,0,0,0,0,0
MI_NB_Berm1_09_23_13,0,0.000140254,0,0,0,0,0
MI_NB_SUB1_08_07_13,0,0,0,0,0,0,0
MI_NB_SUB1_09_23_13_20131216,0,0,0,0,0,0,0
MI_NB_SUB1_09_23_13_20140219,0,0,0,0,0,0,0
MI_NB1_08_07_13,0,0,0,0,0,0,0
MI_NB1_08_07_13_RE1,0,0.000193633,0,0,0,0,0
MI_NB1_08_07_13_RE2,0,0,0,0,0,0,0
MI_NB1_09_23_13_20131216,0,0,0,0,0,0,0
MI_NB1_09_23_13_20140219,0.001385869,0.002797724,0,0,0,0,0
MI_PJHOFF_Back1_08_07_13,0,0,0,0,0,0,0
MI_PJHOFF_Back1_09_23_13,0,0,0,0,0,0,0
MI_PJHOFF_Berm1_08_07_13,0,0,0,0,0,0,0
MI_PJHOFF_Berm1_09_23_13,0.000324559,0,0,0,0,0,0
MI_PJHOFF_SUB1_08_07_13,0,0,0,0,0,0,0
MI_PJHOFF_SUB1_08_07_13_RE1,0,0,0,0,0,0,0
MI_PJHOFF_SUB1_09_23_13,0,0,0,0,0,0,0
MI_PJHOFF1_08_07_13,0,0,0,0,0,0,0
MI_PJHOFF1_09_23_13_20131216,0,0,0,0,0,0,0
MI_PJHOFF1_09_23_13_20140219,0,0.000673255,0,0,0,0,0
MI_PMARQ_Back1_08_07_13,0,0,0,0,0,0,0
MI_PMARQ_Back1_09_23_13,4.55E-05,0,0,0,0,0,0
MI_PMARQ_Back1_09_23_13_RE1,0,0,0,0,0,0,0
MI_PMARQ_Berm1_08_07_13,0,0,0,0,0,0,0
MI_PMARQ_Berm1_09_23_13,3.84E-05,0,0,0,0,0,0
MI_PMARQ_SUB1_08_07_1_RE1,0,0,0,0,0,0,0
MI_PMARQ_SUB1_08_07_1_RE2,0,0,0,0,0,0,0
MI_PMARQ_SUB1_08_07_13,0,0,0,0,0,0,0
MI_PMARQ_SUB1_09_23_13,8.23E-05,0,0,0,0,0,0
MI_PMARQ1_08_07_13,0,0.000295628,0,0,0,0,0
MI_PMARQ1_09_23_13_20131216,0,0,0,0,0,0,0
MI_PMARQ1_09_23_13_20140219,0,0.000730566,0,0,0,0,0
WI_ATW_Back1_07_30_13,0.000155088,0,0,0,0,0,0
WI_ATW_Back1_09_18_13,5.44E-05,0,0,0,0,0,0
WI_ATW_Back1_09_18_13_RE1,0,0,0,0,0,0,0
WI_ATW_Back1_09_18_13_RE2,0,0,0,0,0,0,0
WI_ATW_Berm1_07_30_13,0.000296586,0,0,0,0,0,0
WI_ATW_Berm1_09_18_13,0.00023381,0,0,0,0,0,0
WI_ATW_Berm1_09_18_13_RE1,0.00045575,0,0,0,0,0,0
WI_ATW_Berm1_09_18_13_RE2,0,0,0,0,0.000113575,0,0
WI_ATW_SUB1_07_30_13,0,0,0,0,0,0,0
WI_ATW_SUB1_09_18_13,9.71E-05,0,0,0,0,0,0
WI_ATW1_07_30_13,0.001626191,0.000866706,0,0,0,0,0
WI_ATW1_09_18_13_20131216,0,0,0,0,0,0,0
WI_ATW1_09_18_13_20140219,0.00154045,0.001560263,0,0,0,0,0
WI_BB_Back1_08_13_13,0,0,0,0,0,0,0
WI_BB_Back1_09_18_13,0,0,0,0,0,0,0
WI_BB_Back1_09_18_13_RE1,3.46E-05,0,0,0,0,0,0
WI_BB_Berm1_08_13_13,4.28E-05,0,0,0,0,0,0
WI_BB_Berm1_09_18_13,0.001407815,0,0,0,0,1.85E-05,0
WI_BB_SUB1_08_13_13,0,0,0,0,0,0,0
WI_BB_SUB1_09_18_13,0.000773226,0.000666907,0,0,0,0,0
WI_BB1_08_13_13,0.000720686,0.000391554,0,0,0,0,0
WI_BB1_09_18_13_20131216,0,0,0,0,0,0,0
WI_BB1_09_18_13_20140219,0.000752995,0,0,0,0,0,0
WI_KASP_Back1_07_30_13,0,0,0,0,0,0,0
WI_KASP_Back1_09_18_13,0,0,0,0,0,0,0
WI_KASP_Back1_09_18_13_RE1,0,0,0,0,0,0,0
WI_KASP_Berm1_07_30_13,0.000471213,0,0,0,0,0,0
WI_KASP_Berm1_09_18_13,0,0,0,0,0,0,0
WI_KASP_SUB1_07_30_13,0,0,0,0,0,0,0
WI_KASP_SUB1_09_18_13,0,0,0,0,0,0,0
WI_KASP1_07_30_13,0,0.002152975,0,0,0,0,0
WI_KASP1_09_18_13_20131216,0,0,0,0,0,0,0
WI_KASP1_09_18_13_20140219,0,0.000572262,0,0,0,0,0
WI_LTHS_Back1_07_30_13,6.22E-05,0,0,0,0,0,0
WI_LTHS_Back1_09_18_13,6.67E-05,0,0,0,0,0,0
WI_LTHS_Back1_09_18_13_RE1,0,0,0,0,0,0,0
WI_LTHS_Berm1_07_30_13,0.001215045,0,0,0,0,0,0
WI_LTHS_Berm1_09_18_13,0.00014271,0,0,0,0,0,0
WI_LTHS_SUB1_07_30_13,7.01E-05,0,0,0,0,0,0
WI_LTHS_SUB1_09_18_13,4.34E-05,0,0,0,0,0,0
WI_LTHS_SUB1_09_18_13_RE1,0,3.54E-05,0,0,0,0,0
WI_LTHS1_07_30_13,0.002475916,0.001343316,0,0,0,0,0
WI_LTHS1_09_18_13_20131216,0,0,0,0,0,0,0
WI_LTHS1_09_18_13_20140219,0.000947167,0.000369626,0,0,0,0,0